comments,N,lang
Tout s'est bien déroulé. Merci bien. PG,1,breton
Muito agradável e bem organizado. A voltar!,1,breton
I dont want to talk about this airbnb.,1,english
친절한 호스트. 3호선 Gambetta역과 가까운 위치. 예쁘고 안락한 방. 샤워실은 성인 한명이 들어가면 꽉 찰 정도로 작지만 나머지는 매우 좋습니다.,1,breton
Excellent neighbourhood.,1,english
Glorious!,1,english
tout ok,1,breton
Assez petit,1,breton
Très bon séjour chez Alexandra !,1,breton
房间整洁 地理位置优越 靠近metro餐厅商城 院子很大,1,breton
"Accueilant Joli petit Loft, près de tout Resto, métro, marché...",1,breton
숙소 위치를 상세하게 안내해줘서 잘 찾을 수 있었네용 방이 좀 좁긴 했지만 바로 옆에 뭐 먹을 수 있는 공간이랑 냉장고도 있어서 좋았어요. 화장실 공용이었는데 저희가 아침 일찍 준비해서 그런가 겹치게 사용한 적이 없어서 단독 욕실 같고 편리했어요. 집도 예쁘고 깨끗해서 좋았어요. 집이 있는 거리도 깨끗하고 조용하고 바로 근처에 역이 있어서 이동하기에도 편리했습니다. 그런데 토요일 밤에 뭔지 모르겠는데 위층?윗집?에서 너무 쿵쿵거리고 음악 틀고 진짜 시끄럽더라고요 피곤했어소 잘 자긴 했는데 예민하신 분들은 잠 못 잘 정도였는데 뭔지는 잘 모르겠어요.. 이 날 빼고는 엄청 조용하고 잘 지냈습니당 방 자체는 그렇게 안 넓고 좁습니당,1,breton
"房东人很好｡回答问题超级快｡house离春天百货都很近,街区安全,就是离景点远了一点｡但是可以打的和地铁也很方便｡",1,breton
"最开始定这家,是因为它处于很安全的地区,房子离13号线的pernity最近,离大站蒙怕纳斯也不远,附近有小超市,礼品店,药妆店,餐厅,交通很便利,巴黎9月底的晚上点冷,房东家被子只有一床,其他是毯子,我们是两个人住,就挤在一起睡了,厨房里物品很齐全,我们自己做了些好吃的,玄关还有一个小本子,都是住客们的留言,我们也在上面留了言画了画,房间总体而言很有生过气息,我们还租用了自行车去了铁塔,要配合它的APP寻找站点｡对啦,房间在三层,没有电梯｡钥匙很古朴,check-in和checkout不受时间限制,真的很推荐｡",1,breton
N hesitez pas vous ne serait pas decu,1,breton
Très bon séjour chez Elise.,1,breton
"Ahouva的房子非常温馨,装修很不一样,干净明亮,设施一应俱全,离卢浮宫很近,周边也有许多好次的小店,小天使冰淇淋,家乐福超市,非常适合自由行的小伙伴,Ahouva很热情,带我们在附近逛了一下,介绍了周围店铺,非常感谢Ahouva的招待｡",1,breton
"Ahouva非常友善且负责,
房子位于塞纳河边,地带非常安全方便,房子也非常有格调,绝佳的选择",1,breton
체크인 설명을 친절하게 해주셔서 편하게 체크인 했습니다. 질문하면 답도 바로 해주시고 late check out도 가능하게 해주셨어요. 세탁기와 건조기가 함께 있어서 좋고 수건도 넉넉하게 주셔서 좋습니다. 역과도 가깝습니다.,1,breton
"파리를 여행하기 원하시는 분들께 깅력하게 추천 하고 싶습니다. 
집도 청결하고 엘리베이터도 있고, 파리를 여행하기 아주 좋은 위치 입니다. 
주인도 너무 친절하고, 문의에 대한 답변도 아주 빨랐습니다. 
다시 방문한다면 또 이용하고 싶네요. 
Perfect locaion. 
Perfect host. 
Perfect house.",1,breton
Très bon séjour chez Bruno.,1,breton
"這邊非常方便,附近有超市,花神咖啡館,PH馬卡龍等等各式各樣的名牌店,生活機能方便,想購物也可｡

房東人也很好,我們把鑰匙弄丟了,他也帶我們再去打一把,房間的狀況也相當滿意,如果之後還有機會,也會繼續住在這邊｡",1,breton
"房子位置很好,房间不算大(两个人还行,再多估计不行),但是布置的挺实用的｡房间在二楼(法国人会说在一楼),没有电梯,是一条很窄的木楼梯上去的,大件的行李有点难搬｡最大的问题是,早上十点check out 以后,不能寄存行李(附近也没有能寄存的地方),不能延迟退房(生意太好)｡虽然房东说,小件的可以在他家的店寄存一小会,大件的就不行了,但是哪个出国的人行李会小啊?总得来说,各位根据自己的实际情况吧｡",1,breton
N’hesitez Pas,1,breton
Il y a tout dont vous avez besoin,1,breton
"All good!
Thanks Petra.",1,english
"방이 매우 아늑하고 편안합니다. 리옹역에서 매우 가깝습니다. 그리고 호스트 Anna는 저희의 숙박 기간에 최대한 편안하게 해주셨습니다. 하나 알아야 할 부분은 엘리베이터가 없다는 점입니다. 무거운 캐리어가 있는 사람은 꼭 신경쓰셔야 할 부분입니다. 

결론적으로 매우 좋았습니다^^",1,breton
"ห้องที่พักอยู่ในทำเลไม่ไกลจาก Eiffel Tower,Supermarket มีที่จอดรถที่ปลอดภัย อุปกรณ์ที่จำเป็นมีครบในที่พัก ห้องพักสะอาด",1,breton
Très bon séjour chez Maguy,1,breton
"사진과 똑같은 깔끔한 시설은 기본이고, 큰 창문이 있어 항상 채광이 좋았습니다. 발코니에 있는 꽃 화분들은 유럽의 변덕스런 날씨에도 불구하고 집 분위기를 화사하게 해주는 듯 합니다.   
창문은 푸른 정원을 바라보고 있어 경치가 평온합니다. 
특히나 아침에 귀를 기울이면 정원에서 속삭이는 새소리를 들을 수 있습니다. 아마 아무리 좋은 호텔에서도 이런 경험은 없을 듯 싶군요.^^

숙소 바로 근처에 지하철역과 버스정류장이 있어 파리 시내 주요 핫스팟은 어디든지 편하고 쉽게 갈 수 있었구요. 마트도 가까이 있고 맛난 베이커리와 카페도 매우 가까이 있어서 편리했습니다. 동네도 조용한 고급 주택가인지라 밤늦은 시간에도 마음 편하게 다닐 수 있었습니다.  

출발하기 전부터 호스트분에게 많은 문의를 드렸는데, 항상 친절하게 잘 답변해 주시고, 여행 7일동안 불편한 사항은 없는지 항상 신경써 주시고, 여행중 궁금한 사항은 언제든지 물어보고 유용한 답변을 즉시 받을 수 있었습니다. 마지막날 항공편 때문에 늦은 체크아웃까지 배려해주시고, 다시 한번 감사드립니다!
언제든 다시 오고 싶은 곳입니다.^^",1,breton
Bon séjour chez Jean,1,breton
"第一次使用Airbnb,绝对是完美的一次体验,性价比之王!房东Anna十分的热情,亲自下楼接我们,并且耐心的为我们讲解一切房间的设施,完全没有找路的尴尬,房子的位置可以说是绝佳,距离巴黎圣母院走路不过五分钟,最近地铁站1号线不过三分钟,下次去巴黎绝对还住Anna家!Anna说很少中国人选择她家可能因为中文的原因,希望我写的review给各位要去巴黎的中国朋友一点参考!:)",1,breton
"这套公寓地理位置非常好,顶楼复式9/10,一楼的厅有两扇大窗户,可以看到远处的埃菲尔铁塔,蒙马特高地的圣心堂,风景非常好｡房间很舒适,交通便利,周边有三个地铁站｡超市也有好几个｡对于有孩子的家庭出游再合适不过了｡Gaelle很友善,给我们很多帮助｡如果有机会我们还会来的｡",1,breton
N'hésitez pas !,6,breton
good house!,2,english
Evin konumu cok guzel hem Pantheona hem Notre Dame a cok yakin etrafta kesfedecek cok yer var binada asansor olmadigi icin merdiven cikmak zorluğu dışında gayet iyi ev küçük ama icinde herşey var,1,breton
très bon hôte.,1,breton
Bon séjour chez Pascal.,1,breton
"그냥 사진상 보이는 이미지 100프로 정확합니다.
두사람이 지내기엔 좀 작아보였는데  가서 보니 
정말 작아요 ㅋㅋ 그냥 혼자서 보내기엔 아주좋을것 같은?
화장실이 밖에 있었어서 그게 좀 불편했고 그리고 샤워실이 정말
너어무 작아요 서서 씻기에도 조금 불편한?...
그외에것들은 만족했습니다. 위치도 몽마르뜨 언덕이랑 가깝고 다른
유명관광지도 지하철로 한 10~20분이면 가는 거리여서 만족했구요.
춥다고 하니까 바로 와서 두꺼운이불 주고 난방틀어주고 
호스트는 딱한번 봤는데 친절했어요.  3일정도 있었는데 
혼자쓰면정말 좋을? 아늑한 곳이었어요. 
겨울엔 그리고 많이 추울것 같습니다. 난로 틀어도 좀 추웠어요 ㅠ",1,breton
Superbe séjour chez Ana,1,breton
Chouette petit nid parisien chez Tifenn. Allez-y!,1,breton
A good travel,1,english
대체로 괜찮았다. 엘리베이터가 없어서 좀 힘듦.  3층은 3층인데 4층이나 다름없는 3층.. 캐리어 무거운사람들은 비추 나름 청결하고 괜찮은데 6묭이소는 졸때못쓸크기 4묭이소 써도 좁았..그리고 마지막에 총소상태가 뵬로라며 e10오 유ㅜ로를 요규헀땨 하라는거다헀뉸데 쳥쇼비댤랴해셔 메세지뵤넸뎌니 댜시 쳥소요금 츄ㅣ소함 뭔가 찔러뵤는 덧 햐다. 그래도 하루밤 지내기에 조용하고 편안했다. 하루 지내기에 좋았던 숙소,1,breton
"다음에 파리에 오게되면 Belen의 숙소에서 한번 더 묵고 싶을 정도로 만족스러운 숙박이었습니다. 무엇보다 찾아가기에 편한 곳이기도 하고, 6층이지만 엘레베이터가 있어서 짐 옮길 때도 부담이 덜해 좋았습니다. 청소해주시는 아주머니가 영어를 전혀 쓰지 않으셔서 솔직히 주의사항을 알려주실 때 다 알아듣진 못했지만 호스트가 다시 설명해주기 때문에 걱정하지 않으셔도 됩니다. ",1,breton
Séjour agréable chez Nathanael,1,breton
"租赁这套房间是我这次旅游中最不快乐的事情｡收了与房租一样多的定金不说,还要在早上7点到9点半退房太不合理,还有要打扫房间与入住时一样干净太过份了｡说好9点半来做checkout等到10点钟还不来浪费我们时间,更让人气愤的是说我们把挂毛巾的架子弄坏了,要赔偿110欧元简直是抢钱｡估计是设得圈套,有谁吃得空故意去损坏毛巾架呀!太气愤了!
要是谁看到我的评论,千万别去租这里的房子,我们就是前车之鉴!",1,breton
"我最终决定用中文完成评论｡作为一个诚实的反馈,我想先说说该房产的优点:
从装修上看,这是一个现代的房产｡除了马桶盖掉了外,其他家具都很有特色,大多使用时间并不久,很干净｡
从沟通角度看,房主是一个热情好客的人,从预定成功到入住到决定不住,他紧密跟进过程,提供线索｡
再来说说缺点:
说实话,我最终决定宁可不要400多块,也不住这个房子,当然我们没吵架｡我只是提醒所有用airbnb的人都注意---看一个民宿时,请更多注意一下差评是否可以接受｡
既然我没有住,一定有我不可接受的原因｡这个民宿是由一个地下室和一层走廊,一个后接的平房组成｡地下室部分是卧室,由一个旋转楼梯和地面连接｡我入住当天还有一户人家要入住｡进入卧室后,一股浓重的潮气扑面而来,有一个抽风机在呼呼得工作,旋梯立陡,孩子下去要很小心｡我一下子就想,这样的地方如果有意外都逃不出去｡我想要的异域风情一下子被更重要的安全意识所覆盖｡
院门和屋门之间的房顶是塑料布盖着的,塑料布破了,有点漏雨,屋门没锁,院门不结实,同时不好锁｡我不知道巴黎的安全性怎样,但是这样的门给我的感觉很差很差｡
我们转了一圈,都看了一遍,然后决定安全第一,宁可损失400多欧,也要住合格的酒店,于是转身去订酒店了｡
事后我在想:如果我早知道这个房子卧室在地下?如果我早早认真看评论中的差评?何至于让一家4口和我奔波在异乡街头?出门在外,安全第一,我怎么可以这么随性?
最后还要说,这间民宿对于喜欢地下室卧室和合租的驴友是一个好选择｡
我只看到地下室的两个卧室,不知道另一户住哪里?难道他们住在我们旁边?
没见到房东,听说他很热情｡他说地下室不潮,不知道那个换气扇为什么一直开着?",1,breton
"정확한 숙소안내를 위해 도착전 계속연락해주고
안내대로 쉽게 찾을수있었음.
주요 관광지로는 Metro이용이 아주쉬움.
Kevin.stephan mom모두 매우 친절하고 도와주려는자세에 매우 고마움",1,breton
"地址超级棒,卢浮宫,先贤祠,圣母院,市政厅,蓬皮杜等景点和网红餐厅走着就可以去｡虽然没有看到房东,但是房东帮了我们很多,虽然过了check out的时间,依然帮我们保管行李~~",1,breton
Fabulous neighborhood.,1,english
"Bonjour a tous,

 Avec ma Maman nous avons très bien dormis,",1,breton
"Petit studio très bien situé. 
WIFI très bien + nous avions tout dont nous avions besoin (savon, sèche cheveux...). 
",1,breton
추천합니다 일단 에펠탑 가까이있어 너무 좋았습니다  가까운곳에 맛집도 있고 지하철도 금방 탈수있어 교통이 편리합니다  할머님도 거의 자유분방하셧고  단한가지 문제? 는 살짝 집 분위기가 무섭다는점 외에는 너무 좋았습니다,1,breton
Perfect. Again.,1,breton
Très bon séjour chez Dorothée.,1,breton
On beau séjour chez notre hôte!,1,breton
"유럽여행의 마지막이 파리였는데, 숙소가 메우 깨끗해서 좋았습니다. 예상한데로 그리 넓지는 않지만, 둘이 지내기에 딱 적당했어요. 
오를리 샤를드골 모두 지하철로 바로 올수 있고 역에서도 매우 가까워서 이동이 엄청 편했습니다.
저희 같은 경우는 자전거로 이동을 해서 현관에서 나오면 바로 velib 자전거를 이용할수 있다는 점도 너무 편리했구요.
현관도 2중 보안장치가 있어서 매우 안전했고, 집앞에 카페가 있어서 늦게까지 가벼운 맥주한잔 하기에도 좋았습니다.
여러모로 매우 만족스러웠고, 다시 파리에 오게 된다면 또 이용할 생각입니다.
다만 2층 침대가 조금 불편했고, 1층에 소파베드을 사용하려 했지만, 시트가 청소가 되어 있지 않더군요. 청소 하시는분께 2명만 왔다고 예기해서 2층 침대만 사용한다고 생각했나봐요. 미리 소파베드 청소도 말씀하시면, 시트를 미리 교체해 주실거 같네요.
",1,breton
Good neighbourhood,1,english
tout bon,1,breton
"good trip, good house",1,english
Alles tipptopp  Kann man nur empfehlen,1,breton
Acochegante.,1,breton
Tout très bien,3,breton
Allez y vous ne serez pas decu!,1,breton
"Pour tout est bien, merci",1,breton
"Gennadiy很热情并耐心地给我们介绍注意事项,房子很干净舒适,地理位置优越,附近就有两个地铁站,而且临近市中心,出游很方便｡生活日用品比较齐全｡唯一少许不足是屋子里的卫生间只有一个帘子,使用有一点不方便,但也可以使用外面的卫生间｡",1,breton
"지하철 11호선 Goncourt 역에서 1분 거리에 있어 짐을 들고 이동하기가 수월했습니다. 호스트는 직접 만나볼 수 없었지만 도착하기 전에 연락하여 숙소 찾는 방법에 대해서 친절히 답변해주었습니다. 큰 거실과 단독 침대방 주방 화장실로 구성되어 있었고 넓었기 때문에 생활하는데 불편함이 없었습니다.
현지인들이 주로 생활하는 곳이어서 특별한 경험을 할 수 있었고 근처에 맛있는 빵집과 식당이 있어서 늦은 시간 식사를 해결하기에도 좋았습니다.
베개속이 약간 지저분하였지만 새로운 시트로 모두 교체되어 있었고 침대도 매우 편안했습니다. 기본적으로는 인테리어가 잘되어있는 멋진 집이었습니다.",1,breton
Perfect! Couldn't have booked a better place,1,english
Perfekt.,1,breton
"파리의 중심지에 위치하고 있습니다. 매우 안전한 마레지구에 위치하고 있어서 안심하고 여행할 수 있었습니다. 호스트는 매우 친절하셨고 머무는 동안 많은 도움을 주셨습니다. 방은 매우 깨끗했고환기도 잘 되고 햇빛도 잘 들어왔습니다. Merci라는 유명한 가게를 걸어갈 수 있고 그 밖에도 피카소 박물관, 보스쥬광장, 식당, 마트, 카페, 약국, 지하철 등이 가까이 있습니다. 또 주변 길거리에 예쁜 옷가게가 많아서 행복했습니다... ",1,breton
"조금 좁다고 느낄 수도 있지만 매우 아담하고 깨끗한 집이었습니다. 햇빛도 잘 들어오고, 따뜻한 물도 잘 나와서 지내기 좋았습니다. Alien은 정말 친절하고 궁금한 거에 대해서 질문을 하면 거의 30분 내에 답변을 해주어서 편리했습니다. 에펠탑까지도 5~10분 내로 갈 수 있는 거리라 편리하고, 이쪽 동네가 다른 동네에 비해서 안전한 동네인 것 같았습니다. 단, 한가지 아쉬웠던 점은 파리의 아파트가 대부분 그런건지 모르겠지만, 집까지 올라가는 계단이 좁고 높아서 무거운 캐리어를 들고 올라가는 것은 좀 힘들었습니다. 그래도 결론적으로는 매우 만족스러운 숙소였습니다.",1,breton
Tout,2,breton
"이번 여행중에 지낸 숙소중에 최고의 숙소!
Alex의 친절한 미소로 시작된 3주간의 파리생활은 기억속에 오래남을 것 같다
집앞에 바로 있는 까르프와 3분거리의 프랑프릭스 2분 거리의 베이커리는 즐거운 아침및 저녁 식사를 도와주었고, 샤틀레역과 매우 가까운 곳에 있어 파리관광을 위한 교통편은 매우 편리하였음.
다만 3층이라 표기되어있지만 5층 계단이라 처음에는 약간 힘듦.
깨끗하고 잘 꾸며진 실내와 정돈된 침실과 욕실이 마음에 듦.
집은 매우 따뜻했고 온수 사용량도 문제없었음. 번화가라 이동시 안전한 느낌이 있음",1,breton
vous devez meriter,1,breton
"房東會將二樓的浴室跟廁所讓給你單獨使用,房間跟房屋都蠻乾淨的,所在的位子離Metro很近,很方便",1,breton
숙소는 사진과 똑같습니다. 아주 예쁘고 가족들은 매우 친절해요. 개인실이지만 화장실도 방에 있고 집 열쇠를 가지고 다녀서 생활하는데 불편함은 없습니다. 아침식사도 원하는 시간에 챙겨주시고 늘 안부를 물어보시며 친절하고 따뜻한 마음을 받을 수 있었습니다. 큰 길만 나가면 지하철 역도 있고 오페라와도 걸어서 이동이 가능해서 접근성이 훌륭합니다 :D,1,breton
Mycket trevlig lgh i centrala Paris,1,breton
Très bon séjour chez Isabelle,1,breton
One word: Perfect :),1,english
Très bon séjour chez Philippe,1,breton
Exigeant,1,breton
h,4,breton
"아주 완벽한 숙소였습니다. 
역에서 50M?? 정도고 트램 버스 마트 아주가까워서 정말좋았습니다. 
데이비드도 친절하고 짐맞기는것도 말하면 말맞아줬습니다. 
프랑스 여행을 간다면 꼭다시 이집을 예약할거같습니다. 
",1,breton
"房間很乾淨舒適,設備都藏在廚具櫃內 相片上看不出來 但其實非常齊全: 洗衣機 洗碗機 冰箱 烤箱 微波爐 鍋具 餐具全部都有. 地點就在Sentier地鐵站旁. 10m walk就是熱鬧的Rue Montorgueil. 房東Antoine住在附近 是個親切熱心的人 推薦附近好吃的餐廳都很棒 也給我們check in/out time最大的方便. 推薦!",1,breton
"저희가 야간이동으로 인해 오전에 도착하였는데, Gwen은 직접 짐을 맡아주었습니다. 숙소는 2개의 지하철역 사이에 있고, 중심가라 이동이 용의한 편이었습니다. 퐁피두센터가 바로 앞에 위치해 있습니다.",1,breton
位置非常好 走路去蓬皮杜大概5分钟 离玛嘿区也很近 旁边有地铁站 3､4､11号 走路都在5分钟左右｡去城中大部分著名的地方(奥赛博物馆啊 卢浮宫啊 bon marche啊 铁塔啊)都可以走路去 都在半径3公里左右｡房间很干净 阳光很好 在一个街角 楼下不远处有超市和餐厅｡唯一缺点是没有电梯   女生提箱子上4楼有点辛苦 当然大部分巴黎市中心的老房子都没有电梯｡,1,breton
"非常乾淨和舒服,離metro只需幾分鐘路程｡",1,breton
"위치는 진짜 좋아요 메트로로 다 연결되어있어 한번에 가기 좋습니다 숙소 전체적인 평은 가격대비 괜찮습니다
위치좋고 가격저렴하니 만족합니다 
샤워장은 안에 있으나 화장실이 밖에 있어 좀 불편한거 빼고요..숙소 머무는 몇일동안 엄청더웠는데 선풍기가 고장나 단이 그다음날 사가지고와서 고마웠어요 참 수건은 5일밤 잤는데3개씩 줬구요 세탁기없습니다 이집은 위치와 가격이 다했습니다",1,breton
tout est nickel,1,breton
Charmant,3,breton
Très bon séjour chez Inès,1,breton
Vous allez adorer !,1,breton
"정말 좋은 숙소입니다^^ 
처음에는 도심이랑 너무 멀지 않을까 걱정 많이 했는데 20~30분정도면 도심으로 바로 갈 수 있어서 너무 좋더라구요! 그리고 저희는 집근처 지하철 7호선만 타고 다녔습니다 7호선에서 집까지 걸어오는데 전혀 무섭지 않아요! 집시들도 없구요 한국의 일산..?? 같은 느낌이랄까..?? 오히려 soum네 동네가 치안은 좋은거 같아요! 나중에는 여자둘이 배짱생겨서 새벽 한 시에 숙소에 들어갔답니다 ㅋㅋㅋ
7호선타면 루브르까지 바로 가고, 버스타면 몽마르트언덕까지도 바로 갈 수 있어요!!
그리고 근처에 까르푸도 있어서 매일 이곳에서 아침과 저녁을 사 먹었죠~!  Soum도 너무 친절하고 좋으신 분이에요♡ 아낌없이 추천합니다^^",1,breton
"차로 여행을 하는 사람들에게도, 아닌 사람들에게도 좋은 숙소입니다. 기본적으로 깨끗하게 관리되고 있고, 전용주차공간을 포함해서 check in/out process 도 좋습니다. 위치도 metro 가 기본인 파리에서는 매우 좋습니다. 여러가지 효율성을 고려한 여행을 생각해보면 강력하게 추천합니다.",1,breton
Bon séjour chez,1,breton
N'hésitez pas: vous ne serez pas déçu(es) !,1,breton
Elegant hostess,1,english
"房东人超级好,离metro出站口超级近,屋子也非常干净舒适,而且地理位置也处在市中心,比较安全",1,breton
"我们第一次选择尝试airbnb住宿,体验巴黎当地local 生活｡由于是蜜月假期,我们对行程期待很高｡整个行程也很小心,白天游览巴黎,仅仅只是晚上很晚回来洗漱睡觉｡我们也在巴黎度过了愉快的3天｡而在第四天早上我们check out 时,由于头天晚上游船回家太晚,选择在第二天早上洗澡,洗完后就check out｡房东家洗漱间与卧室没有门,且洗澡的玻璃门里没有地方放肥皂,每次使用都要开门拿(洗澡空间小,转身都不便,确实不好放洗浴用品,你们如果入住应该会有相同体验),并且整个浴室就只有洗澡房里一个小孔排水,导致很容易积水,我和老公两个人洗完,在反复几次拿洗漱物品及衣服的同时,水流了一些到卫生间地上,由于卫生间没有一个排水孔,是的,一个都没有,并且与卧室相连没有门,水顺着流到了卧室,把床单的一角打湿了一点,我们整理床单时又把床沁湿了一点,我发誓只有一点点,当时巴黎是个大晴天,阳光明媚,房东进来查看我check out 怎么样了,我向房东问了两次我要不要把房间打扫一下,因为地上有些水｡房东说不用我们整理房间,并且强调有清洁工来打扫｡我当时觉得ok没问题了就出发去凡尔赛宫,等我们到凡尔赛宫买了票准备游览的时候,她突然疯了一般地给我打电话臭骂了我一顿,就只是因为我们洗澡的水从浴室渗出来打湿了地板...还在airbnb上投诉我们要我们赔偿200欧!不接受我们的道歉,只要钱!然后我们提出回去处理这个事情,她不让我们回去,她只要我们赔偿!并且我化妆用的粉屑掉了几粒在地上,她拍图片说我们把她的墙擦破了一点皮!天啊!我们住了3天都不敢碰她的墙!我发誓绝对没有!我感觉受到了侮辱,欺诈,欺骗!我们对房间的情况很了解,确实有些渗水,但并不严重｡我们最后还是把即将参观的凡尔赛丢在一边,返回把房间弄干,只用了20分钟不到,基本上我们回去,房间在巴黎的阳光下就已经干的差不多了｡又跟airbnb解释等等一系列,带着忐忑惊魂未定的心情反复确认回复,由于第一次使用airbnb,我们对整个回复处理流程并不熟练,我们很紧张,感觉受到了敲诈,我老公都准备报警了,弄完快3点了,已经没有时间再坐火车去凡尔赛了｡｡｡然而水渗出来是因为她浴室的排水系统不好好吗?浴室到卧室没有门,淋浴的地方没有置物架放洗浴用品,只能洗一半出来拿,再进去洗,加上排水系统不好,地上就很容易积水｡还好,后来airbnb是站在我们这边,没有让我们赔偿,她还真是狮子大开口,张嘴就要我们赔200欧,并且浪费了我们两人一共36欧的门票,来去两个人路费就不说了,加上反复联系打电话的费用,一共损失了大约50欧｡整个一天的行程和心情在来回的奔波中都泡了汤,让我们对巴黎印象都不好了｡在后面的行程中,住airbnb上的民俗也忐忑不安小心翼翼,严重影响了旅游体验与心情｡献上我最真实真诚的感受给大家,供大家参考｡",1,breton
"Jack's place is well located near the metro porte de Champerret. Do check out Rue de Poncelet, a market street near Jack's place. Highly recommended! ",1,english
Aweosme,1,english
"The host was really kind and nice but studio was much smaller for 2 persons than I expected. Well located to the Etoile. 
호스트에 대한 예의상 짧은 영어 후기 남기고 한국분들 위해서 우리말로 상세한 후기 남깁니다. 저희도 이 숙소 일주일 예약할려고 했는데 가능한 날짜가 이틀밖에 없어서 이틀 예약하고 나머지는 다 호텔로 예약했어요. 리무진 내리는 곳에서도 가깝고 해서요. 근데 정말 다 사진발입니다! 정말 비추입니다. 우선 엘리베이터도 없는 오래된 5층 건물에 꼭대기 구석에 있는 작은 방이예요. 무거운 캐리어 들고 어둡고 낡은 계단 올라가느라 정말 힘들었어요. 방은 캐리어 두개 놓기도 힘들 정도로 작아요. 캐리어 제대로 펴지도 못할정도로 작아요. 거기도 화장실은 변기 있는데 변기에 제대로 앉을수도 없을 만큼 공간이 작습니다. 제대로 샤워하기도 힘들구요. 이런 공간에서 두사람이 제대로 생활할수 있을지 모르겠네요. 특히 키 크신 남자분들이라면 더 불편하실듯 해요. 당연히 부엌은 없고 방과 화장실이 전부입니다. 저희는 하루 잠만 자고 아침에 씻지도 않고 바로 근처에 다른 호텔 예약해서 옮겼어요. 하루치 숙박비 손해보더라도거기에서는 도저희 못 있겠더라구요. 위치는 개선문 샹젤리제에서 가까워요. 그것 빼고는 아무런 장점 없습니다. 숙소에서 잠만 자실분들은 괜찮겠지만 좀 편하게 쉬시고 싶으신 분들은 돈 조금 더 보태서 2-3성급호텔 가시는걸 추천드립니다. 훨씬 깨끗하고 좋아요. 아니면 한인민박이나 저도 왠만하면 후기 잘 안남기는데 혹시나 저희 같은 분들이 생길것 같아 상세한 후기 남깁니다. 저희도 방 사진이랑 영어로된 후기 보고 갔다가 정말 낭패봤어요. 오래된 낡은 건물에 다락방같은 작은 방입니다. 혹시나 예약하실려면 작게 표시된 방크기나 글자 자세히 읽어 보고 예약하세요. 저는 정말 비추예요. 호스트에게는 미안해서 좋게 이야기 하고 나왔지만.... 참고하시길.",1,breton
Tout très bien! Merci Arnaud,1,breton
"우선 위치가 좋았습니다.

1월 첫째주 라서 가장 추운 계절이었기에 집안에 있는 히터 2개랑 집안에 있는 radiator 를 모두 키고 거실 조명만 켰을 뿐인데 바로 두꺼비 집이 나갔습니다.

5박 6일 머무르는 동안 거의 매일매일 조금만 전기를 쓰면 바로 두꺼비 집이 나갔습니다. 
그리고 이틀 후 부터는 거실에 있는 radiator 가 모두 꺼져버렸습니다.

이러한 문제들로 호스트와 연락을 시도했지만 제대로 답변을 주지 않았습니다.
동시에 여러가지 전자제품(히터, 헤어드라이기) 을 쓰면 그렇게 된다는 대답 뿐이었습니다. 
도대체 누가 히터를 끄고 집안 불을 모두 끄고 헤어드라이기를 쓰나요??

너무 화가나서 우리가 호스트에게 계속 따지고 연락을 시도했더니 
결국 호스트가 전기업자를 불러주긴 했으나 체크아웃 바로 전날 불러주었습니다...

그리고 전기업자가 말해주기를, 
이 집은 이미 전기를 여러개 동시에 못쓰도록 customized 해놓은 상태라고 하더군요...

제가 호스트에게는 절대 듣지 못한 말이었습니다. 
계속 전기를 동시에 여러개 쓰지 말라고만 말했습니다.

물론 호스트 입장에서 생각해보면 그렇게 해놓았을수 있다고 생각합니다.
그러면 미리 집에 대해 설명 해 놓을때 전기 내용에 대해 써있어야 하는거 아닌가요? 
결국은 
3명 가족이 모두 감기만 얻었습니다...

집 위치를 빼면 최악인 집이었습니다

여름에도 이렇겠지요 ??? ㅠㅠㅠ 




",1,breton
Petit et bruyant,2,breton
Good house!,2,english
Vous serez bien reçu.,1,breton
Très bon séjour chez amédée !,1,breton
"Annick的房子坐落在巴黎一区的东南,通往Gare de Lyon非常方便(两站Metro或者bus),家的位置非常好,门口有Carrefour,门前的Wattignies街有各种风味餐厅(尤其泰国､越南等亚洲餐馆很多),街区非常安全且轻松,每次走到这里都有放松的感觉,房子在路边不显眼的地方,要通过三道门才能进入,安全系数超高,在这里可以尽情放松和享受假期,不用担心其他｡房东Annick很和善,我们夜晚12点checkin她都在等我们,家里布置简朴但是很有品味,CD有很多好的选择,有个小阳台但我们没有用｡总之,Annick的房子比我们预想好太多,住进Annick的房子就能感受到她是星级host的原因,绝对推荐!(PS Annick几乎不说英文,和她交流比较考验你的法语;)",1,breton
Gut,7,breton
Vous ne serez pas déçu!!,1,breton
She's a good host.,1,english
Mooi knus gezellig appartement,1,breton
Bien en tout point. Vous ne serez pas déçu.,1,breton
"位置离Tour Eiffel 走路20分钟,旁边有一个超市还是很方便的｡在很安静的住宅区内,Gaelle是个很热情的房东,会帮忙介绍周围｡但是浴室的下水道好像并没有清理,是我们自己通的｡",1,breton
Très bon séjour chez Estelle.,1,breton
en nous appelant avant notre arrivée,1,breton
Très bon séjour chez Dali !,1,breton
"Good neighbours,",1,english
Perfect. Merci helga!,1,breton
"Très bon séjour!! 
Merci helga",1,breton
다른후기처럼 위치가 좋더군요.걸어서 5분에서 10분거리에 여러 메트로가 있고 주변에 상가가 많아 편리해요..지내다 욕조가 막히는 배수문제가 있었는데 연락하자마자 바로 해결해주더군요~.세탁기 드라이기가 있어 긴여행에 자주 세탁할수있어 편했어요.다만 문마다 잠김장치가없고 엘리베이터가 없는건물이라 짐을 들고 내릴때 남자들조차 힘에 부쳐하니 여자들끼리 이용한다면 문제가 될것같아요.그리고 숙소가 추워요ㅠㅠ가을겨울에 이용할거면 전기담요같은게 필요할듯하네요,1,breton
"非常好的居住体验,Morgan是一个装修设计师,他把自己的一个小公寓装修得非常完美,处处体现了对生活质量的追求和空间的完美利用,漂亮而实用的公寓,虽然面积不大,但是用中国的一句老话能很好的形容:麻雀虽小五脏俱全｡入住的床铺非常舒服柔软,一切用品十分干净｡离地铁站很近,交通便利,附近有小超市可以买东西在公寓里自己做来吃｡Morgan是个非常友好而健谈的人,虽然在巴黎碰到的很多法国人并不友善,导致对法国的旅行印象不佳,但是在Morgan这里居住的时光,绝对是在法国旅行期间一段很棒的体验,推荐独自旅行的人入住这个完美的公寓,认识这位完美的房东",1,breton
tout a bien marché,1,breton
"住在這裡離metro約五分鐘路程,
非常方便,
環境很安靜又乾淨,約兩分鐘路程可到小超市｡
這裡也離艾菲爾鐵塔很近,約十分鐘可以到達｡
廚房雖小但五臟俱全有烤箱電磁爐微波爐冰箱還有洗衣機可以使用｡
房東Kim也非常好,訂房後把住房資訊如何聯絡房東所有的資料寄到你的Email,
讓我們可以提前做準備｡ 
Bir-Hakeim站 有電梯可以使用,
缺點是大部分的metro都沒有手扶梯及電梯,所以行李別帶太重｡
只能說在法國很多人會幫助你,是個很友善的城市｡
也很謝謝房東給我們這麼舒適的套房｡

from Mocca.
",1,english
Perfect! Spectatulous view! K,1,english
Well organized. Great location.,1,english
"집이 진짜 깨끗함 bb
건조대도 있고 드라이기도 있고 다리미도 있음 bbb
샤워부스는 작은편, 침대는 둘이자기 나쁘지않음
근데 열쇠로 문열기가 좀 많이 어려움
문을 당긴채로 끝까지 돌리고 밀면 열림
첫날 문 못열어서 개고생..ㅠㅜ
지하철역 진짜 가까움
앞에 빵집 싸고 맛있음
근처에 슈퍼도 있음
노트르담,퐁피두까진 걸어갈만함",1,breton
"지난 추석연휴 기간동안 Greg의 아파트를 이용하였습니다. 총 3명인 저희 가족이 5박을 하는 동안 부족함이 없는 아파트였습니다. 아파트의 위치, 청결도, 그리고 특히, 호스트인 Greg의 친절하고 정확한 안내 및 여러가지 배려 등은 저희 가족의 여행을 더욱 풍요롭게 해 주었습니다! Greg의 아파트를 고려할 경우, 참고해야 할 점을 몇가지 말한다면, 우선 유럽기준 2층, 그외 지역 기준으로 3층에 위치해 있기 때문에 체크인 또는 체크아웃 할 때 짐이 많으면 조금 힘들 수가 있다는 점(다른 오래된 아파트들도 마찬가지이지만), 또한 생각보다 공간이 조금 작아서 아이 포함 3가족이 지내기에는 적당하지만 성인 3명 이상인 경우에는 조금 불편할 수도 있을 것 같다는 점, 이 정도 외에는 더할 나위없이 좋았습니다! 
마지막으로 가장 훌륭한 것은 Host인 Greg의 정말 친절하고 훌륭한 안내 및 배려 였습니다! 만약에 이 숙소를 예약하신다면 Greg의 친절함에 감동하실 겁니다!",1,breton
Très bon séjour chez Antoine!,1,breton
쥴리아가 간다는 시간에 맞춰 1층에서 맞아주었고 친절히게 방안내해줬음. 호텔수준으로 넓고 깨끗한 집. 파리 날씨가 갑자기 추워져서 좀 추웠던것이 단점이나 모든면에서 훌륭. 주방도 쓰기편하고 샤워온수와 수압도 좋았음. 근처 5분거리에 G20 마트가있어 편리. 버스정류장도 가까움.,1,breton
good all around value,1,english
"屋主方面:
夫妻倆很友善:)蔡太太甚至擔心我不能和另外一位異性住客共用一間房間,所以特地陪我,謝謝｡他們很有人情味,即使在我check out當天,有很多人早到check in,一般旅館都求我必須早上check out,但我留在那里直到下午",1,breton
Appel avant l arrivee,1,breton
"비행기 도착 시간이 늦어 체크인 시간을 훌쩍 넘긴 늦은 밤임에도 불구하고 밝은 얼굴로 eva의 친구가 집 앞에서 맞이해 주었습니다.
그리고 매일매일 오늘의 하루가 어떤지 불편한 점은 없는지 물어서 체크해주고 궁금한 점을 질문하면 빠른 시간내에 답장해주어서 좋았습니다^^
주택가라서 조용하고 주위에 가족단위의 주민들이 있어서 안락한 분위기였습니다.
집 바로 옆에는 세탁방, 앞에는 마트,5분 거리의 버스 정류장 10분 거리의 지하철 모든게 좋았습니다^.^",1,breton
"숙소가 작지만 정말 깨끗하고 소파베드지만 자는 데 전혀 불편함이 없었어요!
다만 3층에 숙소가 있는데 나선형 계단이 좁고 가팔라서 제 캐리어를 Gwenaelle이 같이 들어줬는데 넘 무거운 짐 있으신 분은 고려하셔야 할 거 같아요
치안도 좋은 거 같아요 밤 열두시반쯤 버스정류장에서 걸어오는데 갤러리 같은 곳이 닫더라도 불이 켜져있고 카페나 바 같은데도 사람이 있어서 그리고 숙소 바로 앞 크레페 가게도 열어서 많이 무섭지 않았네요
겨울인데 라디에이터에 온풍기까지 있어서 하나도 안 추웠고 다만 윗집이나 주변이 좀 시끄럽긴 했는데 피곤해서 별로 신경이 쓰이진 않았어요",1,breton
Bon séjour chez Bilal,1,breton
Très bon séjour chez Philippe .,1,breton
"地处巴黎最精华的地段,出门往左就是歌剧院大街,往右是利沃里大街｡沿着后者依次排开的是:卢浮宫､杜伊勒丽花园及协和广场｡从家门口到万多姆广场的走路时间为5分钟,到歌剧院为8分钟,到老佛爷百货为15分钟,到橘园美术馆15分钟,到左岸的奥赛博物馆20分钟｡周边日餐厅法餐厅极多,面包房超市一应俱全｡
房屋交由专业房屋租赁公司管理,客户经理的专业素质好｡房东也非常好,与她沟通非常高效､顺畅｡
你看到的图片就是真实的房屋状况,干净､宽敞､舒适｡
我们一家三口在此地停留了三晚,最后一天回国因为是很晚的航班,恰巧当天没有后续房客入住,因此直到晚上七点半我们才check out｡
总之非常推荐这家｡门口杜伊勒丽花园里的摩天轮体验绝对会让你看到不一样的巴黎!",1,breton
"리용역에 밤 11시쯤 도착하여 늦은 시간에 에어비앤비에 도착했어요. 늦은 시간에도 불구하고 helene은 우리가 지낼 곳에 대해 친절히 설명해주었어요. 여행 준비 과정에서 궁금한 점에도 빠르게 답변해주었고 도착 날 건물 비밀번호를 다시 한번 알려주는 세심함도 좋았어요.

다른 후기에서도 볼 수 있듯 6층까지 계단으로 올라가야 하지만 크게 힘들진 않았어요. 또한 집이 예쁘고 아늑하며 제게 있어 가장 중요한 청결함까지 만족스러웠어요. :)

그리고 파리는 집 위치가 중요하죠. 많은 사람들이 기대하는 에펠탑이 보이는 위치는 아니지만 10호선, 7호선 환승역으로 관광 명소로 이동하는데 편리했고 한국인들이 많이 찾는 몽쥬약국은 걸어서 10분이에요! 까르푸 익스프레스는 집 바로 아래에 있어 간단한 것을 살 수 있고 대형 까르푸는 걸어서 15분 정도에 있어요. 

참고로 집 전체를 렌탈하는 것이 아닌 호스트와 공유하는 에어비앤비 랍니다.

파리 가신다면 이 곳에 머무르는 것을 추천해드립니다. 좋은 여행 하세요

Merci, Helene :)",1,breton
"사진보다는 좋았어요. 침대도 보기보다 매우 컸고 푹신푹신하고 sleep이라 적힌 시트라서 더잠이 잘오는기뷴.. 
부엌에도 쓸수있는 식기가 적당히있어요. 먹진 않았지만 냉장고에도 쌈장이랑 볶음고추장같은거 들어있었고요. 그런데 가스레인지를 저희가 어떻게쓰는 건지 제대로 이해하지 못한건지 시시 어머님이 설명해줬는데도 제대로 사용하지 못했어요ㅠㅠ 
화장실은 욕조에 물이잘 빠지지 않아요. 머리카락이 너무 잘막혀요. 그거만빼면 괜찮은 것 같네요. 
들어가자마자 0층이고 하나올라가야 1층이니까 헷갈리지 마세요! 
후기에 피자집 맛있다고 해서 먹었는데 정말로 맛있었고요 크로와상집은 없더라구요..
체크인을 매우매우 이른아침에 할수있냐고 물어봤는데 가능하다고해줘서 정말 좋았고요. 6일동안 잘있다 갔습니다.",1,breton
Great host. Great room. Great neighbourhood.,1,english
"Reda 의 아파트는 매우 깨끗하고 안락합니다.
전철역 2개의 노선과 가까워 이동이 편하고
북역에서도 도보로 갈수 있습니다.
몽마르트언덕 근처라 그 곳 관광도 용이합니다.
그리고 주인이 매우 친절하구요..",1,breton
checked out all ok,1,english
"Très bon séjour, merci Hanna!",1,breton
"Un très bon séjour chez Vladimir, merci ",1,breton
Très bon séjour chez Mathilde!,1,breton
Proche de tout,2,breton
Pleasant,1,english
房東人很好 英文溝通也很順｡有麵包咖啡的提供｡地點也非常棒 附近有肯德基 商店 Metro走路不久就到了｡住得非常舒服也很安靜｡,1,breton
Foncez !,1,breton
"숙소 뷰도 정말 좋고 위치도 개선문에서 2~3분?? 가까움. 대신 짐이 20인치 이상이면 못감ㅎㅎ. 계계단만 아니면 정말덜말 완벽함. 짐들었는데 십키로이상이면 놉. 뺑글뺑글 계단으러 칠층까지올라갸야됨.
근데 진짜 내부는 좋음! 에펠탑도 보이고 복층에 이쁘고! 소소한 먹을것도있고 피드백도 빠르고! 우린 짐 많아서 못들고올라가서 일층에 묶고다님ㅎㅎ 숙소안에 오래묵고싶은분들한테 추천함. 아 Quentin 정말 친절함! 도와줄 수 있는건 다 도와주려고 하심 고마웠음",1,breton
Gutgut,1,breton
"房子位置很好,就在市中心｡交通便利,出门就是地铁站｡房子很大,有120平方米,布局也挺好｡但我不满意的是房东的态度和电梯:给房东打电话一直都是语音,没有回复,只能通过留言来交流,遇上突发问题只能自己解决,微波炉无法正常工作,留言给房东,他说之前是好的,就再也不回复了;多用了几个电器就跳闸,也没指望房东了,自己找到保险复位了;Wifi密码二十多位,不知道是否在考验我们的眼力;最大的问题是电梯,房子在四楼,相当于国内的5楼,有1个只能容纳3个人的电梯,电梯经常不能正常运行,26日早上,check out准备去机场,我儿子独自坐电梯被困在电梯长达1个小时无法出来,给房东打电话,只有语音回答,求助于管理员和其他租户及出租车驾驶员,联系上了电梯维修人员,他赶来后把我儿子救了出来,期间遇到房东来收房,我请求他留下来,到我儿子救出来再走,他说他还有事,他帮不上忙,就这么走了,太冷漠了｡",1,breton
Très bon séjour chez Nicole.,1,breton
"Just don't do it she lied about her add.
Period.",1,english
"很美的景,一出阳台就可以直接看到铁塔,没有空调有点热,还有check out的时间是9点,这个有点早",1,breton
Perfect home,1,english
A lovely well set out aoartrj,1,english
"맛집 좋아하시죠?
트렌디한 곳 좋아하시죠?
교통 편리한 곳 좋아하시나요?
유명 관광지와 가까운 곳 좋아하시죠?
편리한 생활공간 좋아하시죠?
그럼 여기가 답입니다..모든게 완벽했어요..^^",1,breton
Vous ne serez pas déçu...,1,breton
Tous ok,1,breton
Small but good enough!,1,english
"超棒的房东~给写攻略,床很舒服,房间很大',主要是离地铁近~临行还送了小礼物和早餐~下次有机会来巴黎还会再来住的｡",1,breton
一次一言难尽的民宿体验 想吐槽的真的不是一星半点 房东回消息是很快 但是对话经常驴唇不对马嘴 厨房里有n多蟑螂  房间里没有像样的枕头 是两个几乎正方形的大靠垫 特别特别硬  中间还发生了一件非常不愉快的事情 我们屋子里的东西丢了 问房东怎么回事 结果调查完了对我劈头盖脸一顿骂 非要说我不把密码锁打乱 密码盒还开着 还说用完厨房不清洁 我是来旅游还是来打扫? 一个民宿的公共区域厨房居然是这栋楼里的清洁人员可以随便出入的 我真是不知道该说什么,1,breton
Très bon séjour chez Maryam !,1,breton
"一切都很好､尤其magda 非常耐心帮我解决问题,但是有个不愉快的插曲､我和爸爸在客厅吃早餐的时候当他坐凳子时凳子前腿突然瘸了､幸好爸爸没有摔伤､我如实的向房东说明､他居然要我赔偿150€的赔偿费､我真的无法理解一个普通的木头凳子为什么会要150€､而且是凳子本身有问题､不然怎么会坏?说我们损坏的凳子､请问我们能拿一个凳子做什么呢?幸好我爸爸没有事､如果我爸爸因为凳子本身就是坏的摔伤了那该怎么办呢?最后我们以80€达成协议､但是这件事令我很不愉快､房客住他家要小心家具!容易坏!而且还很贵｡｡",1,breton
Pleasant house,1,english
Tout OK,2,breton
Gut!,1,breton
Néant,3,breton
Bon séjour chez Ruben !,1,breton
Tout ok,2,breton
Tout ok.,1,breton
"Tout ok
",1,breton
"Great neighbourhood, great flat. ",1,english
N'hésitez pas,3,breton
"两室一厅一厨一卫,开放式厨房,因为房子是夏洛特奶奶的,所以她不住这里,每天定期来打扫,夏洛特是我在欧洲各国中定的民宿里最好的一位房东,我们早上8点半到的巴黎,居然也可以让我们办理入住,不用等到下午三点,只要和她商量好,房间私密性很高,晚上睡觉非常安静,但购物又很方便,100米左右有一个G20超市,可以买到米,建议买东西之前看看夏洛特的厨房,应有尽有,完全可以烧中餐,住的很舒适,离地铁站很近,去哪都方便",1,breton
Confirmez et reconfirmez avant de vous engager.,1,breton
"Great view ! 楼下既有地铁站,出租车也很好打,交通十分方便｡这个区很方便,去哪里都很近,可以步行到le bon marche商场购物｡

装修特别豪华,中产家庭的家,有很多油画,艺术品,装饰品,书籍｡两个超大客厅!带我爸妈来旅行,整个惊呆了｡

有三间独立的卧室,一间主卧(双人床),一间次卧(单人床),还有一间书房带床(双人床);两个大大大客厅,窗户忘出去风景特别好｡

但是感觉适合2家人去旅游,我们一家三口去只睡了两个房,一只空着比较浪费哦~

整栋公寓也很安全,楼下两道电子门才能进大厅｡旁边是一所大学,整体治安都很不错｡

整体很推荐的,楼下还可以停车!",1,breton
Gwenaelleさんは優しいです｡自分の都合で困ったときも､笑顔で対応してくれました｡部屋は1人で生活するには十分です｡とても清潔でした｡7階(最上階)までの階段も､運動をしていない私でも､日々の暮らしに問題ありませんでした｡水のﾀﾝｸの音が隣の部屋に聞こえそうなのが､気の小さい私には気になりました｡地下鉄の駅がすぐ!なので､とても便利です｡,1,breton
brochant역에서 매우 가깝고 근처에 큰 마트가 있어서 편리했습니다. 주요 관광지에 가려면 1번정도 환승해서 가야합니다.소파침대는 커서 2명이 쓰기에 크기가 좋았습니다.핟쥑뫈 바똳쪽이 푹 까라안쫬서 훠뤼도 같이 까롸안좌버리는줄...집들어갈뙈 안놰가 뿌뢍수어로 와서 뿌뢍수어 할줄 와는 원니가 엎었뚜면 지붸 못뚜러갈뻔헀어요. 벤자민이 일하는 중이라 벤자민의 친구가 대신 짐도 들어다주고 간단한 설명도 해줬습니다.꾼데 침구가 지붸대해 좔 모룬다고 붼좌민이 숼명해줄꼬뢧는데 붼자민 얼굴을 이일째봐뭬 겨우 봤눈데 붼자뮌 췽구가 열쉐가 옶쑤면 무늘못연다고 구래서 무늘 안좡갓는데 붼자ㅣㄴ이 올굴보자뫄좌 나뿐행동이라고 홍내둣이 말해쏘 어굴했쑹미다.4일쮀바뭬 뷍자뮈니 칭구가 솔명안해쭌거 뭘롸따구 짚에대해 쒈명해줬눈데 입밉 저눈 찝에서 뷸청괙이됀누낌을봐다뻐려찌요.,1,breton
"Bonne chambre chez l'habitant, bon hôte.",1,breton
N'hésitez plus réservez,1,breton
"這次的住宿真的很棒,從CDG機場搭乘計程車只需要45分鐘以內的時間,住宿附近三分鐘步程處有公車可以抵達市中心,十分鐘內的步程包含了tram及metro,要到哪裡都很方便:房間很乾淨設備很齊全,雖然不大可是兩個人住起來很舒適方便｡
David人超好,我們提出的問題都可以幫助我們並且回復也很快速｡",1,breton
"房源的描述相对准确｡但是入住体验超级差!入住当天是个叫Victor的helper在那等我,这家伙做事不认真,说了是二十四号到结果他记成了是二十五号!到了后他带我们介绍房子这环ok｡然后走之前我要求提供多一套钥匙并把坏了的走廊灯修好,他答应了我第二天九点前会送到结果第二天在说好的时间没出现还一整天都找不到这个helper和房东｡第二天我是要拍婚纱照的,我父母是出去玩的,结果就被只有一套钥匙的事情搞到整天的行程都乱了!拍了一天的婚纱照累到不行冷到不行晚上还没热水洗澡!那一刻真的想死的心都有!灯泡还从天花板掉下来差点砸到人!跟房东反应然后房东和helper依然不回信息不回电话直至第三天才有反应｡房东说安排人来维修,明知道灯泡掉下来了还不带灯泡来修真是无脑!到离开那天,十一点要check out, 结果十一点邻居跑过来跟我说有人来维修大楼的电要关总闸,态度还恶劣｡说好修二十分钟结果到我们走的时候都没修好,然后就是我们提前五个三十公斤重的箱子下楼!出门时还看到那邻居根本就没关电!综上所述,沟通差,体验差,环境再好也没用!不会再考虑住这的了!",1,breton
"一切是那么完美,这是我巴黎的家!we位置优越,交通便利,是非常hao de好的选择!感谢Eric,热情的接待!希望再次见面!",1,breton
"位置地點很好 很靠近metro
但實際上沒有自己的私人空間 就是在客廳睡 有點不自在 不介意的人才適合入住",1,breton
"房子在离地铁一条街的位置,去哪很方便,可以走去卢浮宫,折叠小二层装饰得特别有格调,不过夏天晚上睡稍微有点闷,楼下酒吧不常开业但是开的时候会吵一夜,厨房设施一应俱全,美女房东Mooz人超好,住在客厅的另一个房间里平时互相不会打扰到,不仅回答旅游信息,在借东西和留行李方面都帮了大忙,我们现在还对狗狗nergal念念不忘太可爱了好吗,没有见过这么亲人的狗~巴黎之行选这里非常方便的",1,breton
"Perfekt für uns, näher am Gare du Nord ginge kaum. Unkompliziert, sauber, alles da, was man braucht. Merci vielmals!",1,breton
Perfect house!,1,english
"ﾊﾟﾘに滞在したいが普通のﾎﾃﾙではつまらない､ﾊﾟﾘに住むような体験がしたい人におすすめします｡ｷｯﾁﾝなどｱﾒﾆﾃｨが充実し､滞在が始まれば快適なﾊﾟﾘ生活が楽しめます(洗濯機はありませんが)｡窓から見える景色はﾊﾟﾘ感満載です｡
南側の最寄駅Etienne Marcelの周りはﾊﾟﾘらしいｶﾌｪが立ち並び､ｼｮｯﾋﾟﾝｸﾞﾓｰﾙやﾎﾟﾝﾋﾟﾄﾞｩｾﾝﾀｰにも徒歩で行けます｡
ただし､北側の最寄駅Strasbourg Saint-Denisに行くときは､Rue Saint-Dennis通りは通らないことをおすすめおすすめします｡少し治安がわるい悪い感じで､歌舞伎町っぽいので｡",1,breton
"ﾊﾟﾘの中心地で大変便利な場所にあります｡
ﾙｰﾌﾞﾙ､ﾏﾚ､ﾗﾌｧｲｴｯﾄは徒歩圏内にあります｡

一番近いﾒﾄﾛの駅は､3番線の Sentierですが､4番線 Les Hall, 8,9番のBonne Nouvelleも徒歩5分程でいけるため､主要観光地はﾒﾄﾛの乗り換え無しで行くことができます｡

ｱﾊﾟｰﾄは有名なﾓﾝﾄﾙｸﾞｲﾕ通りのすぐ近くにあります｡この通りには､商店街があり､新鮮な食材を手にいれることができ自炊したい方にも最適です｡ｽｰﾊﾟｰや薬局もあり､日用品やお土産を買うにも最適です｡

ｱﾊﾟｰﾄはｲﾒｰｼﾞ通りのﾊﾟﾘの屋根裏部屋で､雰囲気があります｡部屋は清潔に保たれていて､広さも3人には十分でした｡なによりﾊﾞｽﾀﾌﾞがあるので､日本の方にもおすすめです｡
滞在中は､けっこう自炊しましたが､不自由なく自炊できる設備が整っています｡

ﾎｽﾄのMarcも親切で､連絡も取りやすくﾄﾗﾌﾞﾙは全くありませんでした｡

全てにおいて素晴らしいｱﾊﾟｰﾄですが､唯一の欠点はｴﾚﾍﾞｰﾀｰ無し､5階にあることです｡
なれればなんてことはないですが､そこはあらかじめ認識する必要があります｡",1,breton
Bon séjour chez David,1,breton
Razoavel,1,breton
Near metro,1,english
She kept our luggage after chek-out time!,1,english
"아침을 주셔요. 크로와상, 초코빵, 햄, 키위, 오렌지 쥬스, 요거트, 쿠키등 맛있어요. 체크아웃 시간도 넉넉해서 좋아요. 지하철이 근처에 3개 정도 있어서 아마 그것들을 주로 이용하실텐데 나름 가까워요.  그 여기 숙소 지역이 기피하는 지역? 으로 알고있는데 그렇게 무섭지는 않아요. 가정집과 학교? 도 옆에 있고요. 그 숙소로 들어가는 길이 좀 어둡긴한데 괜찮습니다.  불편한 점이 있는지 계속 물어주시고 아시는 한국분과도 연결해주셔서 여줘보시더라고요. 그래서 그 점은 조금 찡했습니다.",1,breton
"去凯旋门走路几分钟,铁塔走路20分钟,卢浮宫走路40分钟｡住这里很多景点可以用走的｡确实位置特别好｡房间是两张双人床,两张沙发床,住4人以内合适,住8人转不过身了｡设施比较基础,厕所门关不上,还好都是女人否则有点尴尬｡很抱歉比约定的中午12点晚了15分钟check out｡",1,breton
"Great house. Nice location. Near metro, near super matket",1,english
"très bon séjour chez Anna,merci",1,breton
small but a good deal,1,english
Très bon séjour chez Maguelone ! Merci !,1,breton
Perfekt!,1,breton
"Geneviève 的房子非常棒!通过房间的楼梯到达楼顶还能看到埃菲尔铁塔跟圣心堂,附近交通也很便利,到景点都很近,让我在巴黎住的很舒服,推荐｡",1,breton
Shame about cleanliness ...,1,english
"정말 사랑스러운 가족의 집이었습니다. Guénaelle이 저희가 불편하지 않게 신경도 많이 써주고 친절하게 안내해 주었습니다. 근처에 메트로역이 두개 있어서 위치도 좋았고, 침실도 퀸사이즈 베드에 많이 좁지 않아서 여자 둘이 편히 지냈습니다. 덕분에 편하고 즐겁게 여행했어요:)",1,breton
n'hesitez pas c'est top,1,breton
Tout s’est très bien passé chez Glenn.,1,breton
Perfekt,1,breton
Personnel souriant,1,breton
Well organized place.,1,english
"14구쪽에 위치해있으며 주변은 깨끗합니다.
숙소도 깨끗한 편이며 조식은 바게트가 나옵니다.
체크인은 14:30분이며 더 빨리 도착하면 짐은 맡아 주나
거실이 아닌 주방에서 대기하거나 나가있어야합니다.
헤어드라이기는 여권을 맡기고 대여해줍니다. 
개인사물함은 번호에 안맞게 먼저 도착한 순서대로 마음대로 사용하면 됩니다.
침대마다 콘센트가 있어 좋습니다.",1,breton
Perfecto :-),1,breton
Me ha gustado,1,breton
"위치가 너무 완벽합니다!! 공항에서 Direct 2을 타고 에펠탑에서 내리면 집까지 걸어서 3분? 진짜 가까워요 그리고 나가자마자 에펠탑이 바로 보여요ㅠㅠ 매일매일 에펠탑 볼수있음! 에펠탑이 잘보이는 인셉션 다리까지도 걸어서 10분? 바토무슈 선착장도 마찬가지 ㅎ 집 앞에 버스정류장도 많고 지하철도 걸어서 5~10분이면 주위역은 다 갈수있어요!! 하루 일정이 끝나고 집으로 돌아올때마다 했던 얘기가 """"""""숙소 위치 최고다""""""""
집 인테리어도 너무 이쁘고 침대가 소파를 개조?한 침댄데 하나도 불편하지않고 너무 푹신해요 라텍슨가?ㅎ 아 그리고 드라이기 안챙겨 가셔도 됩니다 초강력한 드라이기가 있거든요 바람세기 온도 조절 다돼요 ㅠㅠ 제일 맘에 드는점임..ㅎ 처음에 숙소 결정할때 후기가 별로 없어서 화장실 사진을 보고 결정을 했는데 역시나 화장실 완벽합니다 수압도 완벽 ㅎ 그리고 드럼 세탁기도 있으니까 세탁할거 많으신 분들은 세제챙겨가시면 될거같아요 ! 옷걸이도 많으니 괜히 안챙겨가도 될듯!굳이 단점을 하나 꼽자면 집 전체적인 조명이 어두워서 화장하려면 창문쪽 테이블에서 해야한다는점? 사실 단점도 아님..ㅎ
집 주위에 레스토랑이 진짜 많아요  가격대는 8~20유로 정도? 빵집도 꽤 있는데 특히 건너편 오른쪽에 Boulangerie patisserie 이라는 빵집이 있는데 여기 크로와상이랑 딸기잔뜩 올려져있는 타르트? 아무튼 진짜 맛있어요ㅠㅠ 근처에 꽤 큰 슈퍼마켓도 있어서 재료 사다가 해먹어도 됩니다 주방에 식기도구가 다있거든요 없는게 없어요ㅎ  
그리고 무엇보다 emy 메세지에 아주 친절하게 답장해줍니다ㅠㅠ 답장도 빠르고요 
지금은 이탈리아로 넘어와서 여행중인데 계속 여기 생각나네요 4일동안 묵으면서 이곳은 반드시 후기를 남겨서 알려야 겠구나라는 생각이 들었어요 무튼 여긴 ㅊ최고에요!!!! 다음에 파리에 다시 오게 된다면 여기에 또 묵고 싶어요:D
Thank you emy! Your flat is perfect:)",1,english
Tout ok merci,1,breton
"Perfect.
지하철 역이 바로 옆에 있고 버스 정류장도 바로 있고 개선문 까지 걸어서 갈수도 있고  에펠탑까지도 걸어서 무리없이 갈수 있어요 위치도 좋고 또한 침대들이 진짜 편해요 깔끔하고 호텔같았어요 욕실도 깔끔하고 또한 제일 좋았던건 부엌이 완벽합니다 모든 조리기구가 준비되어있어요 저희는 집앞 마트에서 쇼핑해서 저녁은 직접 만들어먹었는데 좋았어요 그냥 여기 보이면 고민하지말고 걍 결제해야됨 ",1,breton
Proche de tout ! Petit nids douillet.,1,breton
Nous,1,breton
Tres bel appartemant rénové avec gout.,1,breton
"地理位置極佳, 5分鐘內步行距離到最近的metro站,五分鐘也可步行到傷兵院和羅丹美術館｡居住環境安全又乾淨,鄰居也滿友善的,房子在一樓也很方便｡可能是一層樓改建成兩戶的關係,房間有個通往隔壁的房門,是上鎖的很安全,只是隔音會比實牆差一些,還是會聽到隔壁的聲音｡床非常舒服｡煮飯器具也很齊全,洗衣機比較複雜｡浴室水壓穩定熱水夠熱｡",1,breton
ganz gut,1,breton
Très bon séjour chez zack merci,1,breton
"房东有点冷漠｡房间比较小,露台不错｡check-in和check-out时间灵活｡",1,breton
Vous allez vous régaler,1,breton
"位置很方便,距离超市餐馆Metro都很近,坐地铁去各个景点都比较便利｡酒店式管理,前台一直都有人接待,并且总是热情温暖乐于提供帮助｡选了有独立卫浴的房间,房间每天清扫,也很干净,有机会会再入住｡",1,breton
"Parfait. Tout est nickel , rien a reprocher",1,breton
Bon séjour chez Karim.,1,breton
Vous ne serez pas decus,1,breton
tout en ordre! merci Kevan,1,breton
Très bon séjour chez Anne.,1,breton
"퐁피두 센터를 걸어서 갈수 있고, 주택가라 조용하면서도 바로 옆 골목으 레스토랑들은 늦게 까지해서 좋았습니다 ^^
G20이라는 큰 수퍼마켓도 가깝고 2층 침실, 부엌, 화장실 너무 다 깨끗했어요. 특히 부엌에서는 없는 게 없을 정도로 다 있었고, 조미료까지 쓸 수 있어서 훌륭했습니다.",1,breton
체크인하실때는 문이 열렸다고 그냥 들어가시면 안되고 기다리셨다가 꼭 호스트나 도우미?분과 함께 들어가셔야해요. 그걸 모르고 그냥 들어갔다가 살짝 당황했어요. 그외에는 모두 만족스러운 숙소였어요.,1,breton
"에펠근처이긴 한데 집에서 에펠이 보이지는 않아요 옥상층?이라서 엘리베이터 내려서 계단으로 올라가야 되요

요깅가징뫄세용 뮈칭뇬이예영 쥡도더럽고 바로욮쥡에살궈이떠영 글공 쳥쇼비줬눙뎅 쳥쇼하고 쑤뤠기벼뤼고 췌크야웃하뤠요 췌크야웃햐교 나뉘까 돈을더쳥구해서 며뤼아퐈죽는쥴앟았아영",1,breton
Très bon séjour chez Jonathan.,1,breton
Assez chouette.,1,breton
"非常喜欢这里,Noa很好!位置很棒,房子很干净!在一个时髦区,吃饭逛街都很方便",1,breton
"위치 좋아요. 1분 거리에 루브르박물관 있고 지하철역도 있고 franprix도 있어요. 숙소에서 10분 정도 거리에 한인마트도 있어요. 소피아 회사친구?가 체크인을 대신 해주었는데 말했던 체크인 시간보다 좀 늦었는데도 친절했습니다. 조리기구도 있고 건조대, 세탁기, 오븐, 전자레인지 있어요. 와이파이도 잘 터져요. 엘레베이터도 있어서 짐 옮기는 것도 괜찮아요. 그대신 엘리베이터가 작아서 사람 한명 캐리어 1개 타면 끝이예요. 단점이라면 침대를 펴면 좀 좁다는거? 여자 두명 정도는 어찌저찌 괜찮을거 같아요. 또 창문을 열면 앞집 옆집이 다 보여서 열고 있기가 좀 불편하고 주민들 말하는 소리가 들리기도 합니다.",1,breton
"我們一家五口,三位大人及兩個小朋友,分別為4歲及1歲,房子大小就剛剛好｡
Harout 為我們準備了完善的小朋友設施及玩具!小朋友們都很開心!
地點非常方便,無論是坐地鐵､的士或Uber去各個景點都不是太遠,省回很多交通時間!
Harout 為人有善,令我們有朋友的感覺啊!不得不提的是他為我們準備了滿滿雪櫃的早餐食物及好喝的咖啡!沖涼液､紙巾等也準備充足!
但是如果近街的睡房窗簾能更可以遮光就好啊,小朋友睡覺時就更舒適,因為四月尾的法國要到晚上九點才天黑啊!由於樓下是電單車停泊位置,對噪音比較敏感的小朋友就睡令一間房了!另外部份長毛地氈的清潔可能比較不容易啊,感覺有灰塵｡
總括來說,Harout 絕對是用心的房東,在房子內能感覺到他的細心體貼!如果有機會到巴黎,也會選Harout 房子!",1,breton
"Quel bonheur, ce studio ! Tout est parfait !! Merci Elizabeth !",1,breton
We had a lovely time chez Jerome! Merci bcp!,1,english
Vous ne le regretterez pas !,1,breton
"Cool dude, even let us check out a bit later...",1,english
"民宿靠近埃菲尔景区也靠近metro所以出行很方便,房东人非常帅也很贴心帮你解决任何问题而且可以听到他写得超棒的旋律,来巴黎可以选择喔~",1,breton
all ok . Perfect.,1,english
"Ideally located. Elegant. Well-furnished,",1,english
"適合有吸菸的房客,離RER和metro很近",1,breton
"지하철 역과 매우 가깝습니다. 도보로 2분?1분? 거리에 큰 마트와 빨래방이 있어요. 호스트 Sat이 굉장히 친절하고, 원할 때마다 메세지 통해 연락할 수 있었어요. 집에는 지내는 데에 필요한 모든 것이 준비되어 있습니다. 깨끗하고 볕이 잘 드는 좋은 집이에요. 화장실도 깔끔하고.. 부엌도 잘 갖추어져 있습니다. 다만 4층에 있는데 엘리베이터가 없고 계단이 좁아 짐이 무거우신 분들은 힘들 수도 있겠어요 :) ",1,breton
Marc's ok,1,english
"在巴黎的住宿里算物美价廉了,房间虽小,但功能齐全｡离地铁站3分钟走路路程,到卢浮宫20分钟以内｡周围有超市,生活方便｡房东人不错,沟通容易,只是为啥头像是Madam,来的是大叔?",1,breton
N'hésitez pas ;),1,breton
"房间位置很好 在市中心 春天百货正对面 老佛爷步行五分钟 很安全 
房东的声音很好听 全程没有见到房东
房间性价比一般啦 大概寸土寸金的巴黎就这样
准备退宿时联系不上房东 只好以checkin的方式自助checkout啦 
房间是隔板房 隔音效果为零 木地板老旧 声音很大 隔壁半夜回来在整理的声音感觉像在我住的房间整理…",1,breton
Bon séjour chez Chaïma,1,breton
Worked out great.,1,english
"麻雀虽小,五脏俱全!离圣心da jio tan大教堂步行10分钟,红磨坊7fen zho分钟｡去哪都很方便｡离di tie zh an地铁站10分钟,在山上｡周围h w n d很多餐馆,酒吧,超市｡唯一不足hiu就是热水器太小了!",1,breton
Magic Place...!!!! beautiful Neighborhood.. !!! Mercy Xavier,1,english
mycket bra.,1,breton
"Morgan 是一个非常友好的人,他特意找了一位中国人接待我们,这使我们的入住非常顺利｡ 在巴黎的这段时间,Morgan也跟我们保持联系,给了很多游玩的小建议,非常实用｡ 最后check out的时候也非常简单｡我们度过了愉快的巴黎之旅｡感谢Morgan:)",1,breton
Très bon séjour chez Jean-Luc,1,breton
tout bien,1,breton
"Bon sejour chez Yoann, hote agreable..",1,breton
Man kann nur weiter empfehlen,1,breton
"샣갘보ㄷr진ㅉr작ㅇr서 까ㅁ 노ㄹ
식기와 접시가 다 있어서 지내기 불편함이 없었습니다.
냏잫고 뭦짘??? Go잫난줄... 불편함만 없었던 정도.
아파트 구조가 매우 안전하므로 여성분께 추천",1,breton
"最寄駅が二つ使えました｡5〜8分くらい歩きますが､運河沿いを歩けるし夜遅くても危険な感じはありませんでした｡夜のｱﾊﾟｰﾄはとても静かでした｡午前中は小学校?があるのかやや賑やかでしたが､うるさくはありませんでした｡
すぐ近くに大きなｽｰﾊﾟｰもあるし､もっと行くとさらにいくつかｽｰﾊﾟｰがありました｡
お部屋は広く､浴槽もあるし､ﾍﾞﾗﾝﾀﾞもあります｡
良いお部屋だったので､また次回も利用したいと思いました｡",1,breton
n'hésitez pas,1,breton
"bon séjour, merci! :)",1,breton
c'Est bon,1,breton
7월초 방문에 날씨가 더웠는데 밤에 문을 열어두면 시원했어요. 추울 정도. 복층형이라 공간활용이 좋았는데 다만 굉장히 가파라요. 4살 105cm 정도 여아가 오르내리기 어려워했어요. 샤워 부스가 좁지만 충분하고 전반적으로 깨끗해서 매우 만족스러웠습니다.,1,breton
Très bon séjour chez Ophélie!,1,breton
Bon séjour chez Théo. Merci.,1,breton
"Très bon accueil, merci Peggy!",1,breton
Excellent séjour chez Sahaar !,1,breton
Charmant petit hôtel abordable,1,breton
"Très bon séjour, hôte accueillant.",1,breton
All OK.,1,english
บ้านพักสะอาด ของใช้เกือบครบ ทำเลที่ตั้งดีมาก เดินไม่ไกล metro และใกล้ป้ายรถเมล์มาก อยู่ใกล้แหล่งกิน และ supermarket,1,breton
Impec',1,breton
N’esitez Pas,1,breton
Gezellig appartement in leuke buurt,1,breton
Posto elegante romantico ben collegato ed organizzato,1,breton
Super Flat. Well organized check-in.,1,english
Suser séjour chez Céline!,1,breton
Good location.  Metro about  6 minutes away.,1,english
"離地鐵站很近,去很多地方都很方便,去outlet也只要換一次車,房子就跟提供的照片一樣,乾淨舒適,尤其感謝可以讓我們提早入住,下次有機會來巴黎,這裡一定是首選｡",1,breton
Très bon séjour chez Odilon,1,breton
vous pouvez y aller !!!,1,breton
Trés bon séjour chez Marvin :),1,breton
Séjour divin chez Benjamin.,1,breton
Brilliant Apartment.  Would book again.,1,english
Très bon séjour chez Michèle,1,breton
Geweldige gastvrijheid en service!,1,breton
We had a good stay.  Good value.  Would stay here again.,1,english
Bon séjour chez Antoine.,1,breton
Super séjour chez Ghyslène.,1,breton
tout nickel,1,breton
hôte très arrangeant,1,breton
Vous ne serez pas déçus,1,breton
Tout parfait! Allez y!,1,breton
Not a well kept place.,1,english
Bon séjour chez Franck,1,breton
N'y allez pas,1,breton
Bon séjour chez Camilo,1,breton
War gut,1,breton
Très bon séjour chez Elise !,1,breton
"Perfect location. 
Well organized flat.",1,english
Tout ok!,1,breton
